{"Epoch Loss": 4.571568965911865, "LR": 3.840000000000001e-09, "Epoch": 143, "_runtime": 44162, "_timestamp": 1656217725, "_step": 172, "F1": 0.6248012185096741, "Kappa": 0.6557333469390869, "Bal Acc": 0.6571450269653063, "Acc": 0.7606644034385681}