{"Epoch Loss": 4.573401927947998, "LR": 5.9999999999999995e-05, "Epoch": 65, "_runtime": 43726, "_timestamp": 1656217721, "_step": 79, "F1": 0.5081242918968201, "Kappa": 0.5725396275520325, "Bal Acc": 0.5266498374901399, "Acc": 0.716302216053009}