{"Epoch Loss": 4.573276996612549, "LR": 4.800000000000001e-07, "Epoch": 100, "_runtime": 57895, "_timestamp": 1656144761, "_step": 200, "F1": 0.6288829445838928, "Kappa": 0.6544873118400574, "Bal Acc": 0.6613477288454853, "Acc": 0.7592373490333557, "_wandb": {"runtime": 60030}}