{"Epoch Loss": 4.580244064331055, "LR": 0.0003, "Epoch": 51, "_runtime": 39723, "_timestamp": 1656147044, "_step": 102, "F1": 0.61798095703125, "Kappa": 0.64789217710495, "Bal Acc": 0.6515303621305952, "Acc": 0.7555834650993347, "_wandb": {"runtime": 39813}}