{"Epoch Loss": 5.2654852867126465, "LR": 3.840000000000001e-09, "Epoch": 199, "_runtime": 54723, "_timestamp": 1656448025, "_step": 3785, "Pretrain Epoch: Valid Confusion Matrix": {"_type": "image-file", "path": "media/images/Pretrain Epoch: Valid Confusion Matrix_3775_f51894006a15dcf8fac7.png", "sha256": "f51894006a15dcf8fac713d601840fe11bc32910c57a378e15f784f302857102", "size": 27736, "format": "png", "width": 640, "height": 480}, "F1": 0.5994819402694702, "Mean-F1": 0.5502643585205078, "Kappa": 0.6132694482803345, "Bal Acc": 0.6273481773564693, "Acc": 0.7333375215530396, "_wandb": {"runtime": 54723}}