{"Epoch Loss": 4.671088695526123, "LR": 0.0003, "Epoch": 1, "_runtime": 2474, "_timestamp": 1656103398, "_step": 2, "F1": 0.5832962989807129, "Kappa": 0.5954839587211609, "Bal Acc": 0.614168428095153, "Acc": 0.7208370566368103, "_wandb": {"runtime": 2905}}