{"Epoch Loss": 4.571156978607178, "LR": 3.840000000000001e-09, "Epoch": 210, "_runtime": 72499, "_timestamp": 1656307985, "_step": 231, "F1": 0.6529139280319214, "Kappa": 0.6701439619064331, "Bal Acc": 0.6764304534774485, "Acc": 0.7694900631904602}