{"Epoch Loss": 5.266604423522949, "LR": 3.840000000000001e-09, "Epoch": 199, "_runtime": 59695, "_timestamp": 1656452839, "_step": 3959, "Pretrain Epoch: Valid Confusion Matrix": {"_type": "image-file", "path": "media/images/Pretrain Epoch: Valid Confusion Matrix_3949_6f68c619d17fecb48f36.png", "sha256": "6f68c619d17fecb48f36e435ab3fea877461e5a7dad42451eb88e15c6209faa1", "size": 28227, "format": "png", "width": 640, "height": 480}, "F1": 0.6153408885002136, "Mean-F1": 0.5693954229354858, "Kappa": 0.6338978409767151, "Bal Acc": 0.6207974146186064, "Acc": 0.747695803642273, "_wandb": {"runtime": 59695}}