{"Epoch Loss": 4.5720415115356445, "LR": 3.840000000000001e-09, "Epoch": 101, "_runtime": 26329, "_timestamp": 1656173387, "_step": 122, "F1": 0.6224777102470398, "Kappa": 0.6510151028633118, "Bal Acc": 0.6574802672612229, "Acc": 0.7579532861709595, "_wandb": {"runtime": 26393}}