{"Epoch Loss": 4.581755638122559, "LR": 0.0003, "Epoch": 25, "_runtime": 14220, "_timestamp": 1656234306, "_step": 30, "F1": 0.617938220500946, "Kappa": 0.6315318942070007, "Bal Acc": 0.6453382110899203, "Acc": 0.7420142889022827}