{"Epoch Loss": 4.578522682189941, "LR": 0.0003, "Epoch": 40, "_runtime": 24324, "_timestamp": 1656171479, "_step": 48, "F1": 0.6233500838279724, "Kappa": 0.6461297869682312, "Bal Acc": 0.654936091876257, "Acc": 0.7537690997123718, "_wandb": {"runtime": 26406}}